bac_bin,n,recid_rate,population,cohort
0.03,233,0.12446351931330472,adult,1999_2008
0.032,237,0.14345991561181434,adult,1999_2008
0.034,260,0.09615384615384616,adult,1999_2008
0.036,260,0.1576923076923077,adult,1999_2008
0.038,284,0.15140845070422534,adult,1999_2008
0.04,298,0.18120805369127516,adult,1999_2008
0.042,358,0.13687150837988826,adult,1999_2008
0.044,381,0.14960629921259844,adult,1999_2008
0.046,417,0.15587529976019185,adult,1999_2008
0.048,457,0.15098468271334792,adult,1999_2008
0.05,517,0.11992263056092843,adult,1999_2008
0.052,586,0.14846416382252559,adult,1999_2008
0.054,637,0.13343799058084774,adult,1999_2008
0.056,723,0.14384508990318118,adult,1999_2008
0.058,847,0.14167650531286896,adult,1999_2008
0.06,976,0.14651639344262296,adult,1999_2008
0.062,1138,0.140597539543058,adult,1999_2008
0.064,1178,0.14091680814940577,adult,1999_2008
0.066,1362,0.16813509544787078,adult,1999_2008
0.068,1500,0.14533333333333334,adult,1999_2008
0.07,1723,0.1433546140452699,adult,1999_2008
0.072,1851,0.1469475958941113,adult,1999_2008
0.074,1997,0.14271407110665998,adult,1999_2008
0.076,2128,0.12969924812030076,adult,1999_2008
0.078,2275,0.1345054945054945,adult,1999_2008
0.08,2402,0.115736885928393,adult,1999_2008
0.082,2692,0.11924219910846955,adult,1999_2008
0.084,2634,0.12034927866362946,adult,1999_2008
0.086,2783,0.11139058569888609,adult,1999_2008
0.088,2951,0.1253812267028126,adult,1999_2008
0.09,3101,0.11931634956465656,adult,1999_2008
0.092,3134,0.11869814932992981,adult,1999_2008
0.094,3234,0.11440940012368583,adult,1999_2008
0.096,3231,0.12813370473537605,adult,1999_2008
0.098,3520,0.11960227272727272,adult,1999_2008
0.1,3476,0.12974683544303797,adult,1999_2008
0.102,3513,0.12354113293481354,adult,1999_2008
0.104,3592,0.11943207126948775,adult,1999_2008
0.106,3578,0.1159865846841811,adult,1999_2008
0.108,3773,0.1346408693347469,adult,1999_2008
0.11,3710,0.1247978436657682,adult,1999_2008
0.112,3846,0.12818512740509622,adult,1999_2008
0.114,3690,0.13116531165311654,adult,1999_2008
0.116,3758,0.12373602980308675,adult,1999_2008
0.118,3773,0.13093029419560032,adult,1999_2008
0.12,3836,0.13008342022940564,adult,1999_2008
0.122,3862,0.1338684619368203,adult,1999_2008
0.124,3964,0.13597376387487387,adult,1999_2008
0.126,3848,0.1301975051975052,adult,1999_2008
0.128,3844,0.1389177939646202,adult,1999_2008
0.13,3940,0.13223350253807106,adult,1999_2008
0.132,4006,0.13130304543185223,adult,1999_2008
0.134,4022,0.1337642963699652,adult,1999_2008
0.136,3981,0.14142175332830947,adult,1999_2008
0.138,3909,0.1468406242005628,adult,1999_2008
0.14,3890,0.1424164524421594,adult,1999_2008
0.142,3895,0.14197689345314507,adult,1999_2008
0.144,3754,0.148108684070325,adult,1999_2008
0.146,3869,0.14318945463944172,adult,1999_2008
0.148,3926,0.15384615384615385,adult,1999_2008
0.15,3727,0.1491816474376174,adult,1999_2008
0.152,3739,0.13586520460016047,adult,1999_2008
0.154,3639,0.1308051662544655,adult,1999_2008
0.156,3571,0.13861663399607954,adult,1999_2008
0.158,3662,0.1507373020207537,adult,1999_2008
0.16,3568,0.13957399103139012,adult,1999_2008
0.162,3470,0.14178674351585013,adult,1999_2008
0.164,3370,0.14124629080118695,adult,1999_2008
0.166,3295,0.15538694992412747,adult,1999_2008
0.168,3226,0.14941103533787972,adult,1999_2008
0.17,3217,0.15511345974510413,adult,1999_2008
0.172,3068,0.13885267275097785,adult,1999_2008
0.174,2841,0.1439633931714185,adult,1999_2008
0.176,2913,0.1496738757294885,adult,1999_2008
0.178,2912,0.1617445054945055,adult,1999_2008
0.18,2684,0.15312965722801788,adult,1999_2008
0.182,2730,0.15054945054945054,adult,1999_2008
0.184,2536,0.1612776025236593,adult,1999_2008
0.186,2442,0.17526617526617527,adult,1999_2008
0.188,2435,0.15195071868583163,adult,1999_2008
0.19,2312,0.16868512110726644,adult,1999_2008
0.192,2226,0.15813117699910154,adult,1999_2008
0.194,2222,0.16876687668766877,adult,1999_2008
0.196,2098,0.1644423260247855,adult,1999_2008
0.198,2040,0.15637254901960784,adult,1999_2008
0.2,931,0.16433941997851773,adult,1999_2008
0.03,464,0.10991379310344827,adult,1999_2022_full4y
0.032,483,0.10351966873706005,adult,1999_2022_full4y
0.034,489,0.07157464212678936,adult,1999_2022_full4y
0.036,535,0.12710280373831775,adult,1999_2022_full4y
0.038,585,0.12136752136752137,adult,1999_2022_full4y
0.04,606,0.1485148514851485,adult,1999_2022_full4y
0.042,721,0.11234396671289876,adult,1999_2022_full4y
0.044,772,0.12176165803108809,adult,1999_2022_full4y
0.046,840,0.1261904761904762,adult,1999_2022_full4y
0.048,964,0.11825726141078838,adult,1999_2022_full4y
0.05,1087,0.10763569457221711,adult,1999_2022_full4y
0.052,1177,0.11894647408666101,adult,1999_2022_full4y
0.054,1302,0.11981566820276497,adult,1999_2022_full4y
0.056,1501,0.1245836109260493,adult,1999_2022_full4y
0.058,1692,0.1182033096926714,adult,1999_2022_full4y
0.06,2013,0.12170889220069547,adult,1999_2022_full4y
0.062,2339,0.12355707567336469,adult,1999_2022_full4y
0.064,2532,0.11137440758293839,adult,1999_2022_full4y
0.066,2822,0.1261516654854713,adult,1999_2022_full4y
0.068,3191,0.11877154497022877,adult,1999_2022_full4y
0.07,3548,0.11020293122886134,adult,1999_2022_full4y
0.072,3854,0.12584327970939285,adult,1999_2022_full4y
0.074,4095,0.11623931623931624,adult,1999_2022_full4y
0.076,4453,0.10060633280934202,adult,1999_2022_full4y
0.078,4667,0.11206342404113992,adult,1999_2022_full4y
0.08,4925,0.09583756345177664,adult,1999_2022_full4y
0.082,5172,0.09435421500386698,adult,1999_2022_full4y
0.084,5401,0.09516756156267357,adult,1999_2022_full4y
0.086,5707,0.09391974767828982,adult,1999_2022_full4y
0.088,5732,0.09856943475226797,adult,1999_2022_full4y
0.09,6073,0.09665733574839454,adult,1999_2022_full4y
0.092,6070,0.09934102141680395,adult,1999_2022_full4y
0.094,6338,0.09419375197223098,adult,1999_2022_full4y
0.096,6299,0.10366724876964598,adult,1999_2022_full4y
0.098,6639,0.10152131345082091,adult,1999_2022_full4y
0.1,6572,0.10225197808886184,adult,1999_2022_full4y
0.102,6798,0.1009120329508679,adult,1999_2022_full4y
0.104,6734,0.10038610038610038,adult,1999_2022_full4y
0.106,6892,0.09619849100406268,adult,1999_2022_full4y
0.108,7061,0.1073502336779493,adult,1999_2022_full4y
0.11,7142,0.1008120974516942,adult,1999_2022_full4y
0.112,7285,0.10583390528483184,adult,1999_2022_full4y
0.114,7135,0.105395935529082,adult,1999_2022_full4y
0.116,7141,0.10432712505251365,adult,1999_2022_full4y
0.118,7448,0.10767991407089152,adult,1999_2022_full4y
0.12,7113,0.1081119077744974,adult,1999_2022_full4y
0.122,7509,0.1082700759089093,adult,1999_2022_full4y
0.124,7483,0.10690899371909662,adult,1999_2022_full4y
0.126,7509,0.1122652816620056,adult,1999_2022_full4y
0.128,7551,0.11203814064362336,adult,1999_2022_full4y
0.13,7487,0.11099238680379324,adult,1999_2022_full4y
0.132,7644,0.11172161172161173,adult,1999_2022_full4y
0.134,7551,0.11534896040259568,adult,1999_2022_full4y
0.136,7504,0.12153518123667377,adult,1999_2022_full4y
0.138,7461,0.11486395925479158,adult,1999_2022_full4y
0.14,7453,0.11418220850664162,adult,1999_2022_full4y
0.142,7396,0.11695511087074094,adult,1999_2022_full4y
0.144,7409,0.12012417330273992,adult,1999_2022_full4y
0.146,7372,0.1200488334237656,adult,1999_2022_full4y
0.148,7534,0.1245022564374834,adult,1999_2022_full4y
0.15,7135,0.12081289418360196,adult,1999_2022_full4y
0.152,7200,0.10958333333333334,adult,1999_2022_full4y
0.154,6929,0.11141578871410016,adult,1999_2022_full4y
0.156,6940,0.11556195965417868,adult,1999_2022_full4y
0.158,6932,0.11973456433929602,adult,1999_2022_full4y
0.16,6841,0.11942698435901183,adult,1999_2022_full4y
0.162,6746,0.11384524162466647,adult,1999_2022_full4y
0.164,6485,0.117964533538936,adult,1999_2022_full4y
0.166,6170,0.12852512155591572,adult,1999_2022_full4y
0.168,6255,0.11766586730615508,adult,1999_2022_full4y
0.17,6207,0.12582568068309974,adult,1999_2022_full4y
0.172,5860,0.11706484641638225,adult,1999_2022_full4y
0.174,5740,0.1162020905923345,adult,1999_2022_full4y
0.176,5511,0.11994193431319179,adult,1999_2022_full4y
0.178,5646,0.12539851222104145,adult,1999_2022_full4y
0.18,5175,0.13004830917874396,adult,1999_2022_full4y
0.182,5263,0.12882386471594148,adult,1999_2022_full4y
0.184,4920,0.12967479674796747,adult,1999_2022_full4y
0.186,4776,0.13860971524288107,adult,1999_2022_full4y
0.188,4664,0.12371355060034306,adult,1999_2022_full4y
0.19,4509,0.1348414282546019,adult,1999_2022_full4y
0.192,4271,0.1299461484429876,adult,1999_2022_full4y
0.194,4225,0.13775147928994083,adult,1999_2022_full4y
0.196,3999,0.13703425856464116,adult,1999_2022_full4y
0.198,3953,0.12623324057677712,adult,1999_2022_full4y
0.2,1836,0.14270152505446623,adult,1999_2022_full4y
0.03,231,0.09523809523809523,adult,2009_2022_full4y
0.032,246,0.06504065040650407,adult,2009_2022_full4y
0.034,229,0.043668122270742356,adult,2009_2022_full4y
0.036,275,0.09818181818181818,adult,2009_2022_full4y
0.038,301,0.09302325581395349,adult,2009_2022_full4y
0.04,308,0.11688311688311688,adult,2009_2022_full4y
0.042,363,0.0881542699724518,adult,2009_2022_full4y
0.044,391,0.09462915601023018,adult,2009_2022_full4y
0.046,423,0.09692671394799054,adult,2009_2022_full4y
0.048,507,0.08875739644970414,adult,2009_2022_full4y
0.05,570,0.09649122807017543,adult,2009_2022_full4y
0.052,591,0.08967851099830795,adult,2009_2022_full4y
0.054,665,0.10676691729323308,adult,2009_2022_full4y
0.056,778,0.10668380462724936,adult,2009_2022_full4y
0.058,845,0.09467455621301775,adult,2009_2022_full4y
0.06,1037,0.09836065573770492,adult,2009_2022_full4y
0.062,1201,0.10741049125728559,adult,2009_2022_full4y
0.064,1354,0.08567208271787297,adult,2009_2022_full4y
0.066,1460,0.08698630136986302,adult,2009_2022_full4y
0.068,1691,0.09520993494973388,adult,2009_2022_full4y
0.07,1825,0.0789041095890411,adult,2009_2022_full4y
0.072,2003,0.10634048926610085,adult,2009_2022_full4y
0.074,2098,0.09103908484270734,adult,2009_2022_full4y
0.076,2325,0.07397849462365591,adult,2009_2022_full4y
0.078,2392,0.0907190635451505,adult,2009_2022_full4y
0.08,2523,0.07689258818866429,adult,2009_2022_full4y
0.082,2480,0.06733870967741935,adult,2009_2022_full4y
0.084,2767,0.07119624141669678,adult,2009_2022_full4y
0.086,2924,0.07729138166894665,adult,2009_2022_full4y
0.088,2781,0.07011866235167206,adult,2009_2022_full4y
0.09,2972,0.07301480484522208,adult,2009_2022_full4y
0.092,2936,0.07867847411444141,adult,2009_2022_full4y
0.094,3104,0.07313144329896908,adult,2009_2022_full4y
0.096,3068,0.07790091264667535,adult,2009_2022_full4y
0.098,3119,0.08111574222507213,adult,2009_2022_full4y
0.1,3096,0.07138242894056848,adult,2009_2022_full4y
0.102,3285,0.07671232876712329,adult,2009_2022_full4y
0.104,3142,0.07861234882240611,adult,2009_2022_full4y
0.106,3314,0.0748340374170187,adult,2009_2022_full4y
0.108,3288,0.07603406326034064,adult,2009_2022_full4y
0.11,3432,0.07488344988344989,adult,2009_2022_full4y
0.112,3439,0.08083745274789184,adult,2009_2022_full4y
0.114,3445,0.07779390420899855,adult,2009_2022_full4y
0.116,3383,0.08276677505172923,adult,2009_2022_full4y
0.118,3675,0.0838095238095238,adult,2009_2022_full4y
0.12,3277,0.0823924321025328,adult,2009_2022_full4y
0.122,3647,0.08116259939676447,adult,2009_2022_full4y
0.124,3519,0.0741687979539642,adult,2009_2022_full4y
0.126,3661,0.09341709915323682,adult,2009_2022_full4y
0.128,3707,0.08416509306717022,adult,2009_2022_full4y
0.13,3547,0.08739780095855652,adult,2009_2022_full4y
0.132,3638,0.09015942825728422,adult,2009_2022_full4y
0.134,3529,0.09436100878435817,adult,2009_2022_full4y
0.136,3523,0.09906329832529094,adult,2009_2022_full4y
0.138,3552,0.07967342342342343,adult,2009_2022_full4y
0.14,3563,0.08335672186359809,adult,2009_2022_full4y
0.142,3501,0.08911739502999143,adult,2009_2022_full4y
0.144,3655,0.09138166894664843,adult,2009_2022_full4y
0.146,3503,0.09449043676848416,adult,2009_2022_full4y
0.148,3608,0.09257206208425721,adult,2009_2022_full4y
0.15,3408,0.0897887323943662,adult,2009_2022_full4y
0.152,3461,0.08119040739670616,adult,2009_2022_full4y
0.154,3290,0.08996960486322189,adult,2009_2022_full4y
0.156,3369,0.09112496289700207,adult,2009_2022_full4y
0.158,3270,0.08501529051987768,adult,2009_2022_full4y
0.16,3273,0.09746410021387107,adult,2009_2022_full4y
0.162,3276,0.08424908424908426,adult,2009_2022_full4y
0.164,3115,0.092776886035313,adult,2009_2022_full4y
0.166,2875,0.0977391304347826,adult,2009_2022_full4y
0.168,3029,0.08385605810498514,adult,2009_2022_full4y
0.17,2990,0.09431438127090301,adult,2009_2022_full4y
0.172,2792,0.09312320916905444,adult,2009_2022_full4y
0.174,2899,0.08899620558813384,adult,2009_2022_full4y
0.176,2598,0.08660508083140878,adult,2009_2022_full4y
0.178,2734,0.0866861741038771,adult,2009_2022_full4y
0.18,2491,0.10517864311521477,adult,2009_2022_full4y
0.182,2533,0.10540860639557836,adult,2009_2022_full4y
0.184,2384,0.09605704697986577,adult,2009_2022_full4y
0.186,2334,0.10025706940874037,adult,2009_2022_full4y
0.188,2229,0.09286675639300135,adult,2009_2022_full4y
0.19,2197,0.09922621756941284,adult,2009_2022_full4y
0.192,2045,0.09926650366748166,adult,2009_2022_full4y
0.194,2003,0.10334498252621069,adult,2009_2022_full4y
0.196,1901,0.1067859021567596,adult,2009_2022_full4y
0.198,1913,0.09409304756926294,adult,2009_2022_full4y
0.2,905,0.12044198895027625,adult,2009_2022_full4y
0.0,520,0.1423076923076923,youth,1999_2008
0.002,145,0.1793103448275862,youth,1999_2008
0.004,106,0.22641509433962265,youth,1999_2008
0.006,128,0.1640625,youth,1999_2008
0.008,108,0.1574074074074074,youth,1999_2008
0.01,112,0.24107142857142858,youth,1999_2008
0.012,142,0.19718309859154928,youth,1999_2008
0.014,166,0.21686746987951808,youth,1999_2008
0.016,169,0.1834319526627219,youth,1999_2008
0.018,196,0.1836734693877551,youth,1999_2008
0.02,237,0.14767932489451477,youth,1999_2008
0.022,234,0.15384615384615385,youth,1999_2008
0.024,236,0.1016949152542373,youth,1999_2008
0.026,237,0.14767932489451477,youth,1999_2008
0.028,234,0.13675213675213677,youth,1999_2008
0.03,268,0.15298507462686567,youth,1999_2008
0.032,267,0.149812734082397,youth,1999_2008
0.034,290,0.17586206896551723,youth,1999_2008
0.036,312,0.15064102564102563,youth,1999_2008
0.038,270,0.17777777777777778,youth,1999_2008
0.04,362,0.17679558011049723,youth,1999_2008
0.042,311,0.1639871382636656,youth,1999_2008
0.044,310,0.12258064516129032,youth,1999_2008
0.046,316,0.1518987341772152,youth,1999_2008
0.048,310,0.14516129032258066,youth,1999_2008
0.05,321,0.16822429906542055,youth,1999_2008
0.052,322,0.18322981366459629,youth,1999_2008
0.054,345,0.20869565217391303,youth,1999_2008
0.056,325,0.16615384615384615,youth,1999_2008
0.058,332,0.19879518072289157,youth,1999_2008
0.06,342,0.19883040935672514,youth,1999_2008
0.062,352,0.16477272727272727,youth,1999_2008
0.064,338,0.16568047337278108,youth,1999_2008
0.066,348,0.14367816091954022,youth,1999_2008
0.068,343,0.21574344023323616,youth,1999_2008
0.07,362,0.17955801104972377,youth,1999_2008
0.072,398,0.20100502512562815,youth,1999_2008
0.074,355,0.17464788732394365,youth,1999_2008
0.076,368,0.1956521739130435,youth,1999_2008
0.078,398,0.18592964824120603,youth,1999_2008
0.08,373,0.2064343163538874,youth,1999_2008
0.082,385,0.18701298701298702,youth,1999_2008
0.084,365,0.1589041095890411,youth,1999_2008
0.086,372,0.19623655913978494,youth,1999_2008
0.088,411,0.19708029197080293,youth,1999_2008
0.09,392,0.17091836734693877,youth,1999_2008
0.092,406,0.17733990147783252,youth,1999_2008
0.094,363,0.23140495867768596,youth,1999_2008
0.096,394,0.16243654822335024,youth,1999_2008
0.098,407,0.1941031941031941,youth,1999_2008
0.1,389,0.2236503856041131,youth,1999_2008
0.102,411,0.1873479318734793,youth,1999_2008
0.104,447,0.18791946308724833,youth,1999_2008
0.106,402,0.19900497512437812,youth,1999_2008
0.108,376,0.20212765957446807,youth,1999_2008
0.11,386,0.20207253886010362,youth,1999_2008
0.112,371,0.2371967654986523,youth,1999_2008
0.114,369,0.21680216802168023,youth,1999_2008
0.116,372,0.20967741935483872,youth,1999_2008
0.118,394,0.1802030456852792,youth,1999_2008
0.12,389,0.21079691516709512,youth,1999_2008
0.122,412,0.18446601941747573,youth,1999_2008
0.124,364,0.18956043956043955,youth,1999_2008
0.126,356,0.2050561797752809,youth,1999_2008
0.128,395,0.21012658227848102,youth,1999_2008
0.13,343,0.2099125364431487,youth,1999_2008
0.132,358,0.2430167597765363,youth,1999_2008
0.134,358,0.1871508379888268,youth,1999_2008
0.136,316,0.189873417721519,youth,1999_2008
0.138,327,0.21406727828746178,youth,1999_2008
0.14,348,0.2413793103448276,youth,1999_2008
0.142,361,0.19667590027700832,youth,1999_2008
0.144,340,0.2323529411764706,youth,1999_2008
0.146,302,0.20860927152317882,youth,1999_2008
0.148,309,0.21359223300970873,youth,1999_2008
0.15,311,0.19614147909967847,youth,1999_2008
0.152,294,0.2108843537414966,youth,1999_2008
0.154,287,0.18118466898954705,youth,1999_2008
0.156,286,0.21678321678321677,youth,1999_2008
0.158,260,0.18076923076923077,youth,1999_2008
0.16,244,0.20901639344262296,youth,1999_2008
0.162,273,0.20146520146520147,youth,1999_2008
0.164,238,0.18487394957983194,youth,1999_2008
0.166,233,0.19313304721030042,youth,1999_2008
0.168,224,0.23214285714285715,youth,1999_2008
0.17,197,0.2182741116751269,youth,1999_2008
0.172,215,0.23255813953488372,youth,1999_2008
0.174,223,0.18834080717488788,youth,1999_2008
0.176,188,0.21808510638297873,youth,1999_2008
0.178,166,0.21084337349397592,youth,1999_2008
0.18,176,0.17045454545454544,youth,1999_2008
0.182,180,0.21666666666666667,youth,1999_2008
0.184,159,0.20125786163522014,youth,1999_2008
0.186,152,0.21710526315789475,youth,1999_2008
0.188,133,0.21052631578947367,youth,1999_2008
0.19,122,0.13114754098360656,youth,1999_2008
0.192,130,0.19230769230769232,youth,1999_2008
0.194,108,0.32407407407407407,youth,1999_2008
0.196,99,0.24242424242424243,youth,1999_2008
0.198,111,0.2072072072072072,youth,1999_2008
0.2,46,0.2826086956521739,youth,1999_2008
0.0,967,0.19338159255429163,youth,1999_2022_full4y
0.002,219,0.182648401826484,youth,1999_2022_full4y
0.004,183,0.2185792349726776,youth,1999_2022_full4y
0.006,201,0.14925373134328357,youth,1999_2022_full4y
0.008,194,0.15463917525773196,youth,1999_2022_full4y
0.01,202,0.15841584158415842,youth,1999_2022_full4y
0.012,225,0.19111111111111112,youth,1999_2022_full4y
0.014,266,0.16917293233082706,youth,1999_2022_full4y
0.016,261,0.1685823754789272,youth,1999_2022_full4y
0.018,314,0.16560509554140126,youth,1999_2022_full4y
0.02,370,0.12972972972972974,youth,1999_2022_full4y
0.022,397,0.14105793450881612,youth,1999_2022_full4y
0.024,393,0.10941475826972011,youth,1999_2022_full4y
0.026,365,0.13424657534246576,youth,1999_2022_full4y
0.028,404,0.12376237623762376,youth,1999_2022_full4y
0.03,445,0.13258426966292136,youth,1999_2022_full4y
0.032,424,0.1391509433962264,youth,1999_2022_full4y
0.034,475,0.1368421052631579,youth,1999_2022_full4y
0.036,472,0.1440677966101695,youth,1999_2022_full4y
0.038,442,0.17873303167420815,youth,1999_2022_full4y
0.04,526,0.17300380228136883,youth,1999_2022_full4y
0.042,501,0.14570858283433133,youth,1999_2022_full4y
0.044,500,0.12,youth,1999_2022_full4y
0.046,537,0.1266294227188082,youth,1999_2022_full4y
0.048,487,0.13963039014373715,youth,1999_2022_full4y
0.05,509,0.15717092337917485,youth,1999_2022_full4y
0.052,522,0.16666666666666666,youth,1999_2022_full4y
0.054,549,0.1657559198542805,youth,1999_2022_full4y
0.056,526,0.1596958174904943,youth,1999_2022_full4y
0.058,522,0.18007662835249041,youth,1999_2022_full4y
0.06,535,0.1925233644859813,youth,1999_2022_full4y
0.062,536,0.15298507462686567,youth,1999_2022_full4y
0.064,552,0.15217391304347827,youth,1999_2022_full4y
0.066,569,0.14938488576449913,youth,1999_2022_full4y
0.068,573,0.16928446771378708,youth,1999_2022_full4y
0.07,583,0.16295025728987994,youth,1999_2022_full4y
0.072,594,0.1734006734006734,youth,1999_2022_full4y
0.074,568,0.15316901408450703,youth,1999_2022_full4y
0.076,625,0.1648,youth,1999_2022_full4y
0.078,613,0.17455138662316477,youth,1999_2022_full4y
0.08,597,0.18090452261306533,youth,1999_2022_full4y
0.082,626,0.1757188498402556,youth,1999_2022_full4y
0.084,590,0.15084745762711865,youth,1999_2022_full4y
0.086,618,0.1650485436893204,youth,1999_2022_full4y
0.088,637,0.16326530612244897,youth,1999_2022_full4y
0.09,649,0.17103235747303544,youth,1999_2022_full4y
0.092,635,0.17795275590551182,youth,1999_2022_full4y
0.094,599,0.19198664440734559,youth,1999_2022_full4y
0.096,632,0.15031645569620253,youth,1999_2022_full4y
0.098,660,0.16666666666666666,youth,1999_2022_full4y
0.1,654,0.18654434250764526,youth,1999_2022_full4y
0.102,686,0.1749271137026239,youth,1999_2022_full4y
0.104,682,0.1598240469208211,youth,1999_2022_full4y
0.106,637,0.18524332810047095,youth,1999_2022_full4y
0.108,632,0.1930379746835443,youth,1999_2022_full4y
0.11,600,0.19666666666666666,youth,1999_2022_full4y
0.112,621,0.20933977455716588,youth,1999_2022_full4y
0.114,636,0.17452830188679244,youth,1999_2022_full4y
0.116,640,0.1671875,youth,1999_2022_full4y
0.118,646,0.1609907120743034,youth,1999_2022_full4y
0.12,629,0.18282988871224165,youth,1999_2022_full4y
0.122,628,0.1735668789808917,youth,1999_2022_full4y
0.124,612,0.1781045751633987,youth,1999_2022_full4y
0.126,606,0.17491749174917492,youth,1999_2022_full4y
0.128,624,0.1955128205128205,youth,1999_2022_full4y
0.13,597,0.17922948073701842,youth,1999_2022_full4y
0.132,595,0.21176470588235294,youth,1999_2022_full4y
0.134,593,0.16188870151770657,youth,1999_2022_full4y
0.136,561,0.1800356506238859,youth,1999_2022_full4y
0.138,553,0.19529837251356238,youth,1999_2022_full4y
0.14,593,0.20236087689713322,youth,1999_2022_full4y
0.142,596,0.18120805369127516,youth,1999_2022_full4y
0.144,555,0.2036036036036036,youth,1999_2022_full4y
0.146,521,0.18234165067178504,youth,1999_2022_full4y
0.148,533,0.19136960600375236,youth,1999_2022_full4y
0.15,515,0.1650485436893204,youth,1999_2022_full4y
0.152,505,0.1900990099009901,youth,1999_2022_full4y
0.154,524,0.16412213740458015,youth,1999_2022_full4y
0.156,492,0.1951219512195122,youth,1999_2022_full4y
0.158,459,0.16993464052287582,youth,1999_2022_full4y
0.16,443,0.17381489841986456,youth,1999_2022_full4y
0.162,429,0.17715617715617715,youth,1999_2022_full4y
0.164,423,0.16312056737588654,youth,1999_2022_full4y
0.166,411,0.170316301703163,youth,1999_2022_full4y
0.168,401,0.19451371571072318,youth,1999_2022_full4y
0.17,351,0.21367521367521367,youth,1999_2022_full4y
0.172,354,0.2033898305084746,youth,1999_2022_full4y
0.174,357,0.15406162464985995,youth,1999_2022_full4y
0.176,329,0.20972644376899696,youth,1999_2022_full4y
0.178,302,0.2185430463576159,youth,1999_2022_full4y
0.18,291,0.18556701030927836,youth,1999_2022_full4y
0.182,294,0.17687074829931973,youth,1999_2022_full4y
0.184,273,0.16117216117216118,youth,1999_2022_full4y
0.186,274,0.17153284671532848,youth,1999_2022_full4y
0.188,225,0.22666666666666666,youth,1999_2022_full4y
0.19,234,0.12393162393162394,youth,1999_2022_full4y
0.192,219,0.1598173515981735,youth,1999_2022_full4y
0.194,192,0.265625,youth,1999_2022_full4y
0.196,189,0.21164021164021163,youth,1999_2022_full4y
0.198,196,0.15816326530612246,youth,1999_2022_full4y
0.2,87,0.21839080459770116,youth,1999_2022_full4y
0.0,447,0.25279642058165547,youth,2009_2022_full4y
0.002,74,0.1891891891891892,youth,2009_2022_full4y
0.004,77,0.2077922077922078,youth,2009_2022_full4y
0.006,73,0.1232876712328767,youth,2009_2022_full4y
0.008,86,0.1511627906976744,youth,2009_2022_full4y
0.01,90,0.05555555555555555,youth,2009_2022_full4y
0.012,83,0.18072289156626506,youth,2009_2022_full4y
0.014,100,0.09,youth,2009_2022_full4y
0.016,92,0.14130434782608695,youth,2009_2022_full4y
0.018,118,0.13559322033898305,youth,2009_2022_full4y
0.02,133,0.09774436090225563,youth,2009_2022_full4y
0.022,163,0.12269938650306748,youth,2009_2022_full4y
0.024,157,0.12101910828025478,youth,2009_2022_full4y
0.026,128,0.109375,youth,2009_2022_full4y
0.028,170,0.10588235294117647,youth,2009_2022_full4y
0.03,177,0.1016949152542373,youth,2009_2022_full4y
0.032,157,0.12101910828025478,youth,2009_2022_full4y
0.034,185,0.07567567567567568,youth,2009_2022_full4y
0.036,160,0.13125,youth,2009_2022_full4y
0.038,172,0.18023255813953487,youth,2009_2022_full4y
0.04,164,0.16463414634146342,youth,2009_2022_full4y
0.042,190,0.11578947368421053,youth,2009_2022_full4y
0.044,190,0.11578947368421053,youth,2009_2022_full4y
0.046,221,0.09049773755656108,youth,2009_2022_full4y
0.048,177,0.12994350282485875,youth,2009_2022_full4y
0.05,188,0.13829787234042554,youth,2009_2022_full4y
0.052,200,0.14,youth,2009_2022_full4y
0.054,204,0.09313725490196079,youth,2009_2022_full4y
0.056,201,0.14925373134328357,youth,2009_2022_full4y
0.058,190,0.14736842105263157,youth,2009_2022_full4y
0.06,193,0.18134715025906736,youth,2009_2022_full4y
0.062,184,0.13043478260869565,youth,2009_2022_full4y
0.064,214,0.1308411214953271,youth,2009_2022_full4y
0.066,221,0.1583710407239819,youth,2009_2022_full4y
0.068,230,0.1,youth,2009_2022_full4y
0.07,221,0.13574660633484162,youth,2009_2022_full4y
0.072,196,0.11734693877551021,youth,2009_2022_full4y
0.074,213,0.11737089201877934,youth,2009_2022_full4y
0.076,257,0.12062256809338522,youth,2009_2022_full4y
0.078,215,0.15348837209302327,youth,2009_2022_full4y
0.08,224,0.13839285714285715,youth,2009_2022_full4y
0.082,241,0.15767634854771784,youth,2009_2022_full4y
0.084,225,0.13777777777777778,youth,2009_2022_full4y
0.086,246,0.11788617886178862,youth,2009_2022_full4y
0.088,226,0.10176991150442478,youth,2009_2022_full4y
0.09,257,0.17120622568093385,youth,2009_2022_full4y
0.092,229,0.17903930131004367,youth,2009_2022_full4y
0.094,236,0.13135593220338984,youth,2009_2022_full4y
0.096,238,0.13025210084033614,youth,2009_2022_full4y
0.098,253,0.1225296442687747,youth,2009_2022_full4y
0.1,265,0.1320754716981132,youth,2009_2022_full4y
0.102,275,0.15636363636363637,youth,2009_2022_full4y
0.104,235,0.10638297872340426,youth,2009_2022_full4y
0.106,235,0.16170212765957448,youth,2009_2022_full4y
0.108,256,0.1796875,youth,2009_2022_full4y
0.11,214,0.18691588785046728,youth,2009_2022_full4y
0.112,250,0.168,youth,2009_2022_full4y
0.114,267,0.11610486891385768,youth,2009_2022_full4y
0.116,268,0.10820895522388059,youth,2009_2022_full4y
0.118,252,0.13095238095238096,youth,2009_2022_full4y
0.12,240,0.1375,youth,2009_2022_full4y
0.122,216,0.1527777777777778,youth,2009_2022_full4y
0.124,248,0.16129032258064516,youth,2009_2022_full4y
0.126,250,0.132,youth,2009_2022_full4y
0.128,229,0.1703056768558952,youth,2009_2022_full4y
0.13,254,0.1377952755905512,youth,2009_2022_full4y
0.132,237,0.16455696202531644,youth,2009_2022_full4y
0.134,235,0.12340425531914893,youth,2009_2022_full4y
0.136,245,0.1673469387755102,youth,2009_2022_full4y
0.138,226,0.168141592920354,youth,2009_2022_full4y
0.14,245,0.1469387755102041,youth,2009_2022_full4y
0.142,235,0.1574468085106383,youth,2009_2022_full4y
0.144,215,0.15813953488372093,youth,2009_2022_full4y
0.146,219,0.1461187214611872,youth,2009_2022_full4y
0.148,224,0.16071428571428573,youth,2009_2022_full4y
0.15,204,0.11764705882352941,youth,2009_2022_full4y
0.152,211,0.16113744075829384,youth,2009_2022_full4y
0.154,237,0.14345991561181434,youth,2009_2022_full4y
0.156,206,0.1650485436893204,youth,2009_2022_full4y
0.158,199,0.15577889447236182,youth,2009_2022_full4y
0.16,199,0.1306532663316583,youth,2009_2022_full4y
0.162,156,0.1346153846153846,youth,2009_2022_full4y
0.164,185,0.13513513513513514,youth,2009_2022_full4y
0.166,178,0.1404494382022472,youth,2009_2022_full4y
0.168,177,0.14689265536723164,youth,2009_2022_full4y
0.17,154,0.2077922077922078,youth,2009_2022_full4y
0.172,139,0.15827338129496402,youth,2009_2022_full4y
0.174,134,0.09701492537313433,youth,2009_2022_full4y
0.176,141,0.19858156028368795,youth,2009_2022_full4y
0.178,136,0.22794117647058823,youth,2009_2022_full4y
0.18,115,0.20869565217391303,youth,2009_2022_full4y
0.182,114,0.11403508771929824,youth,2009_2022_full4y
0.184,114,0.10526315789473684,youth,2009_2022_full4y
0.186,122,0.11475409836065574,youth,2009_2022_full4y
0.188,92,0.25,youth,2009_2022_full4y
0.19,112,0.11607142857142858,youth,2009_2022_full4y
0.192,89,0.11235955056179775,youth,2009_2022_full4y
0.194,84,0.19047619047619047,youth,2009_2022_full4y
0.196,90,0.17777777777777778,youth,2009_2022_full4y
0.198,85,0.09411764705882353,youth,2009_2022_full4y
0.2,41,0.14634146341463414,youth,2009_2022_full4y
